{
  "lang":"pt",
  "name":"core_news_sm",
  "version":"3.0.0",
  "description":"Portuguese pipeline optimized for CPU. Components: tok2vec, morphologizer, parser, senter, ner, attribute_ruler, lemmatizer.",
  "author":"Explosion",
  "email":"contact@explosion.ai",
  "url":"https://explosion.ai",
  "license":"CC BY-SA 4.0",
  "spacy_version":">=3.0.0,<3.1.0",
  "spacy_git_version":"e7db07a0b",
  "vectors":{
    "width":0,
    "vectors":0,
    "keys":0,
    "name":null
  },
  "labels":{
    "tok2vec":[

    ],
    "morphologizer":[
      "Definite=Ind|Gender=Masc|Number=Sing|POS=DET|PronType=Art",
      "Gender=Masc|Number=Sing|POS=NOUN",
      "Gender=Masc|Number=Sing|POS=ADJ",
      "Definite=Def|Gender=Masc|Number=Sing|POS=DET|PronType=Art",
      "Gender=Masc|Number=Sing|POS=PROPN",
      "Number=Sing|POS=PROPN",
      "Mood=Ind|Number=Sing|POS=AUX|Person=3|Tense=Pres|VerbForm=Fin",
      "Gender=Masc|Number=Plur|POS=NOUN",
      "Definite=Def|POS=ADP|PronType=Art",
      "Gender=Fem|Number=Sing|POS=NOUN",
      "Gender=Fem|Number=Sing|POS=ADJ",
      "POS=PUNCT",
      "NumType=Card|POS=NUM",
      "POS=ADV",
      "Gender=Fem|Number=Plur|POS=ADJ",
      "Gender=Fem|Number=Plur|POS=NOUN",
      "Definite=Def|Gender=Masc|Number=Sing|POS=ADP|PronType=Art",
      "Gender=Fem|Number=Sing|POS=PROPN",
      "Gender=Fem|Number=Sing|POS=VERB|VerbForm=Part",
      "POS=ADP",
      "POS=PRON|PronType=Rel",
      "Mood=Ind|Number=Sing|POS=VERB|Person=3|Tense=Pres|VerbForm=Fin",
      "POS=SCONJ",
      "POS=VERB|VerbForm=Inf",
      "Definite=Def|Gender=Masc|Number=Plur|POS=DET|PronType=Art",
      "Gender=Masc|Number=Plur|POS=ADJ",
      "POS=CCONJ",
      "Definite=Def|Gender=Fem|Number=Plur|POS=DET|PronType=Art",
      "Definite=Def|Gender=Fem|Number=Sing|POS=DET|PronType=Art",
      "Definite=Ind|Gender=Fem|Number=Sing|POS=DET|PronType=Art",
      "Gender=Masc|Number=Sing|POS=DET|PronType=Ind",
      "Mood=Sub|Number=Sing|POS=AUX|Person=3|Tense=Pres|VerbForm=Fin",
      "Gender=Unsp|Number=Sing|POS=PROPN",
      "Definite=Def|Gender=Masc|Number=Plur|POS=ADP|PronType=Art",
      "Gender=Masc|Number=Plur|POS=PRON|PronType=Rel",
      "Gender=Fem|Number=Sing|POS=PRON|Person=3|PronType=Prs",
      "Mood=Ind|Number=Plur|POS=VERB|Person=3|Tense=Pres|VerbForm=Fin",
      "POS=ADV|Polarity=Neg",
      "Gender=Masc|Number=Sing|POS=DET|PronType=Art",
      "POS=X",
      "Gender=Masc|Number=Plur|POS=PRON|PronType=Dem",
      "Gender=Fem|Number=Plur|POS=DET|PronType=Ind",
      "Mood=Ind|Number=Plur|POS=VERB|Person=1|Tense=Pres|VerbForm=Fin",
      "Gender=Masc|Number=Plur|POS=PRON|PronType=Tot",
      "Case=Acc|Gender=Masc|Mood=Ind|Number=Plur|POS=VERB|Person=1|PronType=Prs|Tense=Pres|VerbForm=Fin",
      "Gender=Masc|Number=Sing|POS=VERB|VerbForm=Part",
      "Gender=Masc|Number=Plur|POS=DET|PronType=Dem",
      "Case=Acc|Gender=Masc|Number=Plur|POS=VERB|Person=3|PronType=Prs|VerbForm=Inf",
      "Gender=Masc|Number=Sing|POS=DET|PronType=Dem",
      "Gender=Masc|Number=Sing|POS=PRON|PronType=Rel",
      "Case=Acc|Gender=Fem|Number=Plur|POS=VERB|Person=3|PronType=Prs|VerbForm=Inf",
      "Gender=Fem|Number=Plur|POS=PRON|PronType=Ind",
      "Gender=Masc|Number=Plur|POS=DET|PronType=Prs",
      "Case=Acc|Gender=Masc|Mood=Sub|Number=Plur|POS=VERB|Person=3|PronType=Prs|Tense=Pres|VerbForm=Fin",
      "Gender=Unsp|Number=Plur|POS=NOUN",
      "Mood=Sub|Number=Plur|POS=VERB|Person=3|Tense=Fut|VerbForm=Fin",
      "POS=AUX|VerbForm=Inf",
      "Gender=Fem|Number=Plur|POS=VERB|VerbForm=Part|Voice=Pass",
      "Case=Nom|Gender=Masc|Number=Plur|POS=PRON|Person=3|PronType=Prs",
      "Gender=Masc|Number=Sing|POS=ADP|PronType=Dem",
      "Gender=Masc|Number=Sing|POS=PRON|PronType=Dem",
      "POS=VERB|VerbForm=Ger",
      "Mood=Ind|Number=Plur|POS=AUX|Person=3|Tense=Pres|VerbForm=Fin",
      "Gender=Masc|Number=Plur|POS=VERB|VerbForm=Part|Voice=Pass",
      "Gender=Masc|Number=Plur|POS=PROPN",
      "Number=Plur|POS=AUX|Person=3|VerbForm=Inf",
      "Gender=Fem|Number=Sing|POS=PRON|PronType=Dem",
      "Mood=Ind|Number=Sing|POS=VERB|Person=3|Tense=Fut|VerbForm=Fin",
      "Gender=Masc|Number=Plur|POS=PRON|PronType=Ind",
      "Mood=Ind|Number=Plur|POS=VERB|Person=3|Tense=Past|VerbForm=Fin",
      "Definite=Def|Gender=Masc|Number=Sing|POS=PRON|PronType=Art",
      "POS=VERB|VerbForm=Part",
      "Gender=Masc|NumType=Ord|Number=Sing|POS=ADJ",
      "Mood=Ind|Number=Sing|POS=VERB|Person=3|Tense=Past|VerbForm=Fin",
      "Gender=Fem|Number=Sing|POS=DET|PronType=Dem",
      "Definite=Ind|Gender=Fem|Number=Sing|POS=ADP|PronType=Art",
      "Gender=Fem|Number=Sing|POS=PRON|PronType=Rel",
      "Mood=Sub|Number=Sing|POS=VERB|Person=3|Tense=Pres|VerbForm=Fin",
      "Definite=Def|Gender=Fem|Number=Sing|POS=ADP|PronType=Art",
      "Mood=Ind|Number=Sing|POS=AUX|Person=3|Tense=Past|VerbForm=Fin",
      "Case=Acc|Gender=Masc|Mood=Ind|Number=Sing|POS=VERB|Person=3|PronType=Prs|Tense=Pres|VerbForm=Fin",
      "Case=Acc|Gender=Masc|Number=Plur|POS=PRON|Person=3|PronType=Prs",
      "Gender=Masc|Number=Sing|POS=VERB|VerbForm=Part|Voice=Pass",
      "Case=Dat|Gender=Masc|Number=Sing|POS=PRON|Person=3|PronType=Prs",
      "Mood=Ind|Number=Sing|POS=VERB|Person=1|Tense=Pres|VerbForm=Fin",
      "Case=Nom|Gender=Unsp|Number=Plur|POS=PRON|Person=1|PronType=Prs",
      "Mood=Sub|Number=Plur|POS=VERB|Person=1|Tense=Imp|VerbForm=Fin",
      "Mood=Sub|Number=Sing|POS=VERB|Person=3|Tense=Fut|VerbForm=Fin",
      "Gender=Fem|NumType=Ord|Number=Plur|POS=ADJ",
      "Gender=Fem|Number=Plur|POS=DET|PronType=Prs",
      "Gender=Masc|Number=Plur|POS=DET|PronType=Ind",
      "Gender=Masc|NumType=Ord|Number=Plur|POS=ADJ",
      "Case=Acc|Gender=Masc|Mood=Ind|Number=Plur|POS=VERB|Person=3|PronType=Prs|Tense=Pres|VerbForm=Fin",
      "NumType=Ord|POS=ADJ",
      "Definite=Def|Gender=Masc|Number=Sing|POS=PRON|PronType=Dem",
      "Case=Acc|Gender=Fem|Mood=Ind|Number=Sing|POS=VERB|Person=3|PronType=Prs|Tense=Pres|VerbForm=Fin",
      "Gender=Masc|Number=Sing|POS=PRON|PronType=Ind",
      "Gender=Unsp|Number=Plur|POS=ADJ",
      "Gender=Fem|Number=Sing|POS=VERB|VerbForm=Part|Voice=Pass",
      "Mood=Ind|Number=Sing|POS=AUX|Person=3|Tense=Fut|VerbForm=Fin",
      "Gender=Masc|Number=Sing|POS=SCONJ|PronType=Dem",
      "Mood=Sub|Number=Sing|POS=AUX|Person=3|Tense=Fut|VerbForm=Fin",
      "Gender=Fem|Number=Sing|POS=DET|PronType=Tot",
      "Gender=Fem|Number=Sing|POS=PRON|PronType=Ind",
      "Gender=Masc|Number=Plur|POS=VERB|VerbForm=Part",
      "Gender=Fem|Number=Plur|POS=VERB|VerbForm=Part",
      "Gender=Masc|NumType=Mult|Number=Sing|POS=NUM",
      "Gender=Unsp|Number=Sing|POS=PRON|PronType=Ind",
      "Mood=Ind|Number=Plur|POS=AUX|Person=3|Tense=Past|VerbForm=Fin",
      "Case=Acc|Gender=Fem|Number=Plur|POS=PRON|Person=3|PronType=Prs",
      "Mood=Cnd|Number=Sing|POS=VERB|Person=3|VerbForm=Fin",
      "Gender=Fem|Number=Plur|POS=PRON|PronType=Rel",
      "Gender=Unsp|Number=Plur|POS=PRON|Person=1|PronType=Prs",
      "Mood=Sub|Number=Plur|POS=VERB|Person=3|Tense=Pres|VerbForm=Fin",
      "Case=Acc|Gender=Fem|Number=Sing|POS=PRON|Person=3|PronType=Prs",
      "Gender=Masc|Number=Plur|POS=DET|PronType=Tot",
      "Gender=Masc|Number=Sing|POS=PROPN|PronType=Art",
      "Gender=Fem|Number=Sing|POS=DET|PronType=Prs",
      "Case=Acc|Gender=Masc|Number=Sing|POS=PRON|Person=3|PronType=Prs",
      "Number=Sing|POS=VERB|Person=3|VerbForm=Inf",
      "Case=Nom|Gender=Masc|Number=Sing|POS=PRON|Person=1|PronType=Prs",
      "Mood=Ind|Number=Sing|POS=AUX|Person=1|Tense=Pres|VerbForm=Fin",
      "Mood=Ind|Number=Sing|POS=VERB|Person=1|Tense=Past|VerbForm=Fin",
      "Case=Nom|Gender=Fem|Number=Sing|POS=PRON|Person=3|PronType=Prs",
      "Case=Acc|Gender=Unsp|Number=Plur|POS=PRON|Person=1|PronType=Prs",
      "Mood=Sub|Number=Sing|POS=VERB|Person=3|Tense=Imp|VerbForm=Fin",
      "Mood=Cnd|Number=Sing|POS=AUX|Person=3|VerbForm=Fin",
      "POS=AUX|VerbForm=Part",
      "Gender=Fem|Number=Sing|POS=DET|PronType=Ind",
      "Case=Nom|Gender=Masc|Number=Sing|POS=PRON|Person=3|PronType=Prs",
      "Mood=Ind|Number=Sing|POS=AUX|Person=1|Tense=Past|VerbForm=Fin",
      "Case=Nom|Gender=Unsp|Number=Sing|POS=PRON|Person=1|PronType=Prs",
      "Gender=Unsp|Number=Sing|POS=PRON|PronType=Rel",
      "Number=Sing|POS=DET|PronType=Art",
      "Definite=Def|Gender=Fem|Number=Plur|POS=ADP|PronType=Art",
      "Mood=Ind|Number=Plur|POS=VERB|Person=3|Tense=Imp|VerbForm=Fin",
      "Mood=Ind|Number=Sing|POS=AUX|Person=3|Tense=Imp|VerbForm=Fin",
      "Gender=Masc|NumType=Frac|Number=Sing|POS=NUM",
      "Gender=Masc|Number=Sing|POS=DET|PronType=Prs",
      "Mood=Ind|Number=Sing|POS=VERB|Person=3|Tense=Imp|VerbForm=Fin",
      "Mood=Ind|Number=Plur|POS=AUX|Person=3|Tense=Imp|VerbForm=Fin",
      "Case=Acc|Gender=Masc|Mood=Ind|Number=Sing|POS=PRON|Person=3|PronType=Prs|Tense=Pres|VerbForm=Fin",
      "Gender=Fem|Number=Sing|POS=ADP|PronType=Dem",
      "Gender=Masc|Number=Plur|POS=DET|PronType=Art",
      "Case=Acc|Gender=Masc|Number=Sing|POS=PRON|Person=1|PronType=Prs",
      "Gender=Fem|NumType=Ord|Number=Sing|POS=ADJ",
      "Case=Acc|Gender=Masc|Number=Sing|POS=VERB|Person=3|PronType=Prs|VerbForm=Inf",
      "Number=Plur|POS=VERB|Person=3|VerbForm=Inf",
      "Definite=Def|Gender=Masc|Number=Sing|POS=SCONJ|PronType=Art",
      "Definite=Def|POS=SCONJ|PronType=Art",
      "Gender=Masc|Number=Plur|POS=ADP|PronType=Art",
      "Mood=Ind|Number=Sing|POS=VERB|Person=3|Tense=Pqp|VerbForm=Fin",
      "Case=Acc|Gender=Masc|Mood=Ind|Number=Sing|POS=VERB|Person=3|PronType=Prs|Tense=Past|VerbForm=Fin",
      "Gender=Fem|Number=Plur|POS=PRON|PronType=Dem",
      "Gender=Fem|Number=Plur|POS=PROPN",
      "Case=Acc|Gender=Unsp|POS=PRON|PronType=Prs",
      "Mood=Ind|Number=Plur|POS=VERB|Person=3|VerbForm=Fin",
      "POS=AUX",
      "Case=Acc|Gender=Unsp|Mood=Ind|Number=Sing|POS=VERB|Person=3|PronType=Prs|Tense=Past|VerbForm=Fin",
      "Gender=Masc|Number=Sing|POS=ADP|PronType=Art",
      "Gender=Fem|Number=Sing|POS=ADP|PronType=Art",
      "POS=INTJ",
      "Case=Acc|Gender=Unsp|Mood=Ind|Number=Sing|POS=VERB|Person=3|PronType=Prs|Tense=Pres|VerbForm=Fin",
      "Gender=Unsp|Number=Sing|POS=PRON|PronType=Int",
      "Gender=Fem|Number=Sing|POS=DET|PronType=Rel",
      "Gender=Masc|Number=Sing|POS=DET|PronType=Emp",
      "Case=Acc|Gender=Unsp|Mood=Sub|Number=Sing|POS=VERB|Person=3|PronType=Prs|Tense=Pres|VerbForm=Fin",
      "Gender=Masc|Number=Unsp|POS=PRON|PronType=Ind",
      "Gender=Fem|Number=Plur|POS=DET|PronType=Rel",
      "Gender=Masc|Number=Sing|POS=PRON|Person=3|PronType=Prs",
      "Definite=Ind|Gender=Masc|Number=Sing|POS=ADP|PronType=Art",
      "Mood=Ind|Number=Sing|POS=AUX|Person=3|Tense=Pqp|VerbForm=Fin",
      "Mood=Ind|Number=Sing|POS=VERB|Person=2|Tense=Past|VerbForm=Fin",
      "Mood=Ind|Number=Sing|POS=AUX|Person=2|Tense=Pres|VerbForm=Fin",
      "Case=Dat|Gender=Masc|Mood=Ind|Number=Sing|POS=VERB|Person=3|PronType=Prs|Tense=Pres|VerbForm=Fin",
      "Case=Acc|Gender=Fem|Mood=Ind|Number=Plur,Sing|POS=VERB|Person=3|PronType=Prs|Tense=Pres|VerbForm=Fin",
      "Case=Acc|Gender=Unsp|Number=Sing|POS=PRON|Person=3|PronType=Prs",
      "Case=Acc|Gender=Masc|POS=VERB|PronType=Prs|VerbForm=Inf",
      "Mood=Ind|Number=Plur|POS=AUX|Person=3|Tense=Fut|VerbForm=Fin",
      "Case=Acc|Gender=Fem|Mood=Ind|Number=Sing|POS=VERB|Person=3|PronType=Prs|Tense=Fut|VerbForm=Fin",
      "Gender=Fem|Number=Sing|POS=DET|PronType=Emp",
      "Case=Acc|Gender=Fem|Number=Sing|POS=VERB|Person=3|PronType=Prs|VerbForm=Inf",
      "Gender=Fem|Number=Plur|POS=PRON|Person=1|PronType=Prs",
      "Gender=Masc|Number=Sing|POS=DET|PronType=Tot",
      "Mood=Ind|Number=Plur|POS=VERB|Person=3|Tense=Fut|VerbForm=Fin",
      "Case=Acc|Gender=Fem|Mood=Ind|Number=Plur|POS=VERB|Person=3|PronType=Prs|Tense=Pres|VerbForm=Fin",
      "Gender=Masc|Number=Sing|POS=DET|PronType=Int",
      "Case=Acc|Gender=Unsp|POS=VERB|PronType=Prs|VerbForm=Ger",
      "Gender=Fem|Number=Plur|POS=DET|PronType=Dem",
      "Case=Acc|Gender=Unsp|Mood=Ind|Number=Sing|POS=VERB|Person=3|PronType=Prs|Tense=Imp|VerbForm=Fin",
      "Gender=Unsp|Number=Sing|POS=ADJ",
      "Mood=Cnd|Number=Sing|POS=VERB|Person=1|VerbForm=Fin",
      "Mood=Sub|Number=Plur|POS=VERB|Person=1|Tense=Pres|VerbForm=Fin",
      "Case=Dat|Gender=Fem|Number=Sing|POS=PRON|Person=3|PronType=Prs",
      "Gender=Fem|Number=Plur|POS=DET|PronType=Tot",
      "Gender=Masc|Number=Plur|POS=ADP|PronType=Dem",
      "Case=Acc|Gender=Masc|Mood=Ind|Number=Plur|POS=VERB|Person=3|PronType=Prs|Tense=Past|VerbForm=Fin",
      "Mood=Sub|Number=Plur|POS=VERB|Person=3|Tense=Imp|VerbForm=Fin",
      "Mood=Cnd|Number=Plur|POS=VERB|Person=3|VerbForm=Fin",
      "Gender=Masc|Number=Plur|POS=PRON|Person=3|PronType=Prs",
      "Case=Acc|Gender=Fem|Mood=Ind|Number=Plur|POS=VERB|Person=3|PronType=Prs|Tense=Past|VerbForm=Fin",
      "Number=Sing|POS=AUX|Person=3|VerbForm=Inf",
      "Gender=Masc|Number=Plur|POS=PRON|PronType=Int",
      "Gender=Masc|Number=Sing|POS=PRON|PronType=Int",
      "Mood=Ind|Number=Plur|POS=VERB|Person=1|Tense=Imp|VerbForm=Fin",
      "Gender=Masc|Number=Plur|POS=DET|PronType=Int",
      "Gender=Fem|Number=Plur|POS=DET|PronType=Int",
      "Case=Acc|Gender=Unsp|Mood=Ind|Number=Sing|POS=VERB|Person=3|PronType=Prs|Tense=Fut|VerbForm=Fin",
      "Gender=Fem|Number=Plur|POS=ADP|PronType=Art",
      "Gender=Fem|Number=Plur|POS=ADP|PronType=Dem",
      "Case=Dat|Gender=Masc|Number=Sing|POS=PRON|Person=1|PronType=Prs",
      "Mood=Ind|Number=Sing|POS=AUX|Person=1|Tense=Imp|VerbForm=Fin",
      "Mood=Ind|Number=Sing|POS=VERB|Person=1|Tense=Imp|VerbForm=Fin",
      "Gender=Masc|Number=Sing|POS=PART",
      "Number=Sing|POS=PRON|Person=3|PronType=Prs",
      "Gender=Unsp|Number=Plur|POS=DET|PronType=Ind",
      "Case=Acc|Gender=Unsp|Mood=Ind|Number=Sing|POS=AUX|Person=3|PronType=Prs|Tense=Pres|VerbForm=Fin",
      "Case=Dat|Gender=Masc|Number=Plur|POS=VERB|Person=3|PronType=Prs|VerbForm=Inf",
      "Gender=Masc|Number=Sing|POS=ADV",
      "Gender=Masc|Number=Sing|POS=DET|PronType=Rel",
      "Case=Dat|Gender=Unsp|Mood=Ind|Number=Sing|POS=VERB|Person=3|PronType=Prs|Tense=Past|VerbForm=Fin",
      "Case=Dat|Gender=Masc|Mood=Ind|Number=Sing|POS=VERB|Person=3|PronType=Prs|Tense=Past|VerbForm=Fin",
      "Gender=Fem|Number=Sing|POS=DET|PronType=Neg",
      "Mood=Sub|Number=Sing|POS=AUX|Person=3|Tense=Imp|VerbForm=Fin",
      "Definite=Def|POS=DET|PronType=Art",
      "Case=Dat|Gender=Masc|Number=Sing|POS=AUX|Person=3|PronType=Prs|VerbForm=Ger",
      "Number=Plur|POS=VERB|Person=1|VerbForm=Inf",
      "Gender=Fem|Number=Sing|POS=PRON|PronType=Int",
      "Mood=Cnd|Number=Plur|POS=AUX|Person=3|VerbForm=Fin",
      "Gender=Masc|POS=ADJ",
      "POS=NOUN",
      "POS=AUX|VerbForm=Ger",
      "Case=Dat|Gender=Unsp|Mood=Ind|Number=Plur,Sing|POS=VERB|Person=1,3|PronType=Prs|Tense=Past|VerbForm=Fin",
      "Case=Acc|Gender=Unsp|Mood=Ind|Number=Plur,Sing|POS=VERB|Person=1,3|PronType=Prs|Tense=Pres|VerbForm=Fin",
      "Mood=Ind|Number=Plur|POS=AUX|Person=1|Tense=Pres|VerbForm=Fin",
      "Case=Acc|Gender=Unsp|Mood=Ind|Number=Sing|POS=VERB|Person=1|PronType=Prs|Tense=Past|VerbForm=Fin",
      "Case=Acc|Number=Sing|POS=PRON|Person=3|PronType=Prs",
      "Case=Acc|Gender=Fem|Number=Sing|POS=AUX|Person=3|PronType=Prs|VerbForm=Inf",
      "Case=Acc|Gender=Masc|Number=Sing|POS=PRON|Person=2|PronType=Prs",
      "Mood=Ind|Number=Sing|POS=VERB|Person=2|Tense=Pres|VerbForm=Fin",
      "Definite=Def|Gender=Fem|Number=Sing|POS=SCONJ|PronType=Art",
      "Case=Acc|Gender=Unsp|Mood=Ind|Number=Plur|POS=VERB|Person=1|PronType=Prs|Tense=Pres|VerbForm=Fin",
      "Mood=Sub|Number=Plur|POS=AUX|Person=3|Tense=Fut|VerbForm=Fin",
      "Case=Dat|Gender=Masc|Number=Plur|POS=PRON|Person=3|PronType=Prs",
      "Gender=Fem|Number=Sing|POS=DET|PronType=Art",
      "Number=Sing|POS=NOUN",
      "Number=Sing|POS=ADJ",
      "Case=Acc|Gender=Fem|Mood=Ind|Number=Plur,Sing|POS=VERB|Person=3|PronType=Prs|Tense=Past|VerbForm=Fin",
      "Gender=Unsp|Number=Plur|POS=PROPN",
      "Gender=Fem|Number=Plur|POS=DET|PronType=Art",
      "Mood=Ind|Number=Plur|POS=AUX|Person=3|VerbForm=Fin",
      "Case=Dat|Gender=Masc|Mood=Ind|Number=Plur,Sing|POS=VERB|Person=3|PronType=Prs|Tense=Imp|VerbForm=Fin",
      "Case=Dat|Gender=Unsp|Number=Sing|POS=PRON|Person=3|PronType=Prs",
      "Gender=Masc|Number=Plur|POS=DET|PronType=Emp",
      "Gender=Unsp|POS=PRON|PronType=Prs",
      "Case=Dat|Gender=Fem|Number=Sing|POS=VERB|Person=3|PronType=Prs|VerbForm=Inf",
      "Case=Dat|Gender=Masc|Mood=Ind|Number=Plur,Sing|POS=VERB|Person=3|PronType=Prs|Tense=Past|VerbForm=Fin",
      "Case=Acc|Gender=Masc|Mood=Ind|Number=Sing|POS=VERB|Person=1,3|PronType=Prs|Tense=Past|VerbForm=Fin",
      "Case=Dat|Gender=Masc|Mood=Ind|Number=Plur,Sing|POS=VERB|Person=1,3|PronType=Prs|Tense=Past|VerbForm=Fin",
      "Mood=Ind|Number=Sing|POS=AUX|Tense=Imp|VerbForm=Fin",
      "Gender=Fem|Number=Plur|POS=PRON|PronType=Tot",
      "Case=Acc|Gender=Masc|POS=PRON|PronType=Prs",
      "Gender=Unsp|Number=Unsp|POS=PRON|PronType=Rel",
      "POS=VERB|VerbForm=Fin",
      "Gender=Masc|NumType=Card|Number=Sing|POS=NUM",
      "Definite=Def|Gender=Masc|Number=Plur|POS=PRON|PronType=Art",
      "Gender=Masc|Number=Sing|POS=DET|PronType=Neg",
      "POS=VERB|VerbForm=Inf|Voice=Pass",
      "Case=Acc|Gender=Fem|Number=Plur|POS=VERB|Person=3|PronType=Prs|VerbForm=Ger",
      "Case=Acc|Gender=Unsp|Number=Sing|POS=PRON|Person=1|PronType=Prs",
      "Gender=Masc|Number=Sing|POS=AUX|VerbForm=Part",
      "Case=Acc|Gender=Unsp|Mood=Ind|Number=Plur|POS=VERB|Person=1|PronType=Prs|Tense=Past|VerbForm=Fin",
      "POS=PRON|Person=3|PronType=Prs|Reflex=Yes",
      "Number=Plur|POS=VERB|Person=3|Tense=Pres|VerbForm=Inf",
      "Case=Dat|Gender=Masc|Number=Plur|POS=PRON|Person=1|PronType=Prs",
      "Mood=Ind|Number=Plur|POS=AUX|Person=1|Tense=Imp|VerbForm=Fin",
      "Gender=Masc|Number=Sing|POS=PRON|Person=1|PronType=Prs",
      "Mood=Sub|Number=Sing|POS=VERB|Person=1|Tense=Imp|VerbForm=Fin",
      "Number=Sing|POS=PROPN|PronType=Art",
      "Case=Dat|Gender=Unsp|Number=Sing|POS=VERB|Person=3|PronType=Prs|VerbForm=Inf",
      "Case=Acc|Gender=Masc|Mood=Ind|Number=Plur|POS=AUX|Person=3|PronType=Prs|Tense=Imp|VerbForm=Fin",
      "Case=Acc|Gender=Masc|Number=Sing|POS=VERB|Person=1|PronType=Prs|VerbForm=Inf",
      "Case=Acc|Gender=Fem|Mood=Ind|Number=Sing|POS=VERB|Person=3|PronType=Prs|Tense=Pqp|VerbForm=Fin",
      "Mood=Sub|Number=Plur|POS=VERB|Person=1|Tense=Fut|VerbForm=Fin",
      "Gender=Unsp|Number=Sing|POS=PRON|Person=1|PronType=Prs",
      "Case=Acc|Gender=Masc|Mood=Ind|Number=Plur|POS=VERB|Person=3|PronType=Prs|Tense=Imp|VerbForm=Fin",
      "Case=Acc|Gender=Fem|Mood=Ind|Number=Sing|POS=VERB|Person=3|PronType=Prs|Tense=Past|VerbForm=Fin",
      "Gender=Unsp|Number=Sing|POS=NOUN",
      "Case=Acc|Gender=Masc|Number=Plur|POS=PRON|Person=1|PronType=Prs",
      "Number=Plur|POS=AUX|Person=1|Tense=Past",
      "Case=Nom|Gender=Masc|Number=Plur|POS=PRON|Person=1|PronType=Prs",
      "Mood=Ind|Number=Plur|POS=VERB|Person=1|Tense=Past|VerbForm=Fin",
      "Case=Acc|Gender=Masc|Number=Sing|POS=PRON|Person=3|PronType=Dem",
      "Gender=Masc|Number=Sing|POS=PRON|PronType=Neg",
      "Gender=Unsp|Number=Unsp|POS=PRON|PronType=Dem",
      "Case=Acc|Gender=Masc|Number=Sing|POS=ADV|Person=3|PronType=Prs",
      "Case=Acc|Gender=Fem|Number=Sing|POS=VERB|Person=3|PronType=Prs|VerbForm=Ger",
      "Gender=Unsp|Number=Unsp|POS=PRON|PronType=Ind",
      "Case=Acc|Gender=Masc|Mood=Ind|Number=Plur|POS=VERB|Person=3|PronType=Prs|Tense=Fut|VerbForm=Fin",
      "Gender=Masc|Number=Sing|POS=PRON|PronType=Tot",
      "Gender=Masc|Number=Sing|POS=DET",
      "Case=Dat|Gender=Unsp|Mood=Ind|Number=Sing|POS=VERB|Person=1,3|PronType=Prs|Tense=Past|VerbForm=Fin",
      "Gender=Fem|Number=Plur|POS=PRON|Person=3|PronType=Prs",
      "Case=Acc|Gender=Unsp|POS=VERB|PronType=Prs|VerbForm=Inf",
      "Case=Acc|Gender=Fem|Number=Sing|POS=PRON|Person=1|PronType=Prs",
      "Mood=Ind|Number=Plur|POS=VERB|Person=1|Tense=Fut|VerbForm=Fin",
      "Gender=Masc|Number=Sing|POS=X",
      "Case=Nom|Gender=Fem|Number=Plur|POS=PRON|Person=3|PronType=Prs",
      "Case=Acc|Gender=Fem|Mood=Ind|Number=Sing|POS=VERB|Person=1,3|PronType=Prs|Tense=Past|VerbForm=Fin",
      "Case=Nom|Gender=Unsp|Number=Plur|POS=PRON|Person=3|PronType=Prs",
      "Case=Dat|Gender=Unsp|Mood=Ind|Number=Sing|POS=VERB|Person=1,3|PronType=Prs|Tense=Pres|VerbForm=Fin",
      "Gender=Masc|Number=Plur|POS=DET|PronType=Rel",
      "Gender=Masc|Number=Sing|POS=SCONJ",
      "Gender=Masc|Number=Sing|POS=PRON",
      "Gender=Fem|POS=DET|PronType=Dem",
      "Gender=Masc|Number=Plur|POS=NUM",
      "Case=Acc|Gender=Masc|Number=Sing|POS=VERB|Person=3|PronType=Prs|VerbForm=Ger",
      "Definite=Def|Gender=Fem|Number=Plur|POS=PRON|PronType=Dem",
      "Case=Dat|Gender=Unsp|Number=Plur|POS=PRON|Person=1|PronType=Prs",
      "Mood=Ind|Number=Sing|POS=VERB|Person=1|Tense=Fut|VerbForm=Fin",
      "Case=Acc|Gender=Unsp|Mood=Ind|Number=Sing|POS=AUX|Person=1|PronType=Prs|Tense=Pres|VerbForm=Fin",
      "Mood=Ind|Number=Plur|POS=VERB|Person=3|Tense=Pres|VerbForm=Fin|Voice=Pass",
      "Case=Dat|Gender=Masc|Number=Sing|POS=VERB|Person=3|PronType=Prs|VerbForm=Inf",
      "Case=Acc|Gender=Masc|Mood=Ind|Number=Sing|POS=VERB|Person=3|PronType=Prs|Tense=Imp|VerbForm=Fin",
      "POS=ADP|PronType=Dem",
      "Definite=Def|Gender=Fem|POS=ADP|PronType=Art",
      "POS=ADP|PronType=Art",
      "Gender=Masc|Number=Sing|POS=ADP",
      "Gender=Masc|Number=Sing|POS=ADP|Person=3|PronType=Prs",
      "Mood=Ind|Number=Plur|POS=AUX|Person=3|Tense=Pqp|VerbForm=Fin",
      "Case=Dat|Gender=Fem|Mood=Ind|Number=Sing|POS=VERB|Person=3|PronType=Prs|Tense=Past|VerbForm=Fin",
      "Case=Acc|Gender=Fem|Mood=Ind|Number=Plur,Sing|POS=VERB|Person=3|PronType=Prs|Tense=Imp|VerbForm=Fin",
      "Mood=Ind|Number=Sing|POS=VERB|Tense=Imp|VerbForm=Fin",
      "Case=Dat|Gender=Fem|Mood=Ind|Number=Sing|POS=VERB|Person=3|PronType=Prs|Tense=Pres|VerbForm=Fin",
      "POS=DET",
      "Gender=Fem|Number=Plur|POS=DET|PronType=Emp",
      "Gender=Unsp|Number=Sing|POS=PRON|Person=3|PronType=Prs",
      "Definite=Def|Gender=Fem|Number=Sing|POS=PRON|PronType=Art",
      "Case=Acc|Gender=Masc|Mood=Sub|Number=Sing|POS=VERB|Person=3|PronType=Prs|Tense=Pres|VerbForm=Fin",
      "Case=Dat|Gender=Unsp|Mood=Ind|Number=Plur,Sing|POS=VERB|Person=1,3|PronType=Prs|Tense=Pres|VerbForm=Fin",
      "Number=Plur|POS=AUX|Person=1|VerbForm=Inf",
      "Case=Acc|Gender=Masc|Mood=Ind|Number=Sing|POS=VERB|Person=1|PronType=Prs|Tense=Pres|VerbForm=Fin",
      "Number=Sing|POS=PRON|PronType=Rel",
      "Gender=Fem|Number=Plur|POS=ADP|PronType=Ind",
      "Case=Dat|Gender=Unsp|Number=Sing|POS=PRON|Person=1|PronType=Prs",
      "Definite=Def|Gender=Masc|Number=Plur|POS=PRON|PronType=Dem",
      "Case=Acc|Gender=Unsp|Mood=Ind|Number=Plur|POS=VERB|Person=3|PronType=Prs|Tense=Pres|VerbForm=Fin",
      "Mood=Sub|Number=Plur|POS=AUX|Person=3|Tense=Imp|VerbForm=Fin",
      "Number=Sing|POS=VERB|Person=3|VerbForm=Inf|Voice=Pass",
      "Mood=Sub|Number=Plur|POS=AUX|Person=3|Tense=Pres|VerbForm=Fin",
      "Case=Acc|Gender=Unsp|Mood=Ind|Number=Plur,Sing|POS=VERB|Person=1,3|PronType=Prs|Tense=Past|VerbForm=Fin",
      "Case=Acc|Gender=Unsp|Number=Plur|POS=VERB|Person=2|PronType=Prs|VerbForm=Inf",
      "Gender=Unsp|Mood=Sub|Number=Sing|POS=VERB|Person=3|PronType=Prs|Tense=Pres|VerbForm=Fin",
      "Case=Acc|Gender=Masc|Mood=Ind|Number=Sing|POS=AUX|Person=3|PronType=Prs|Tense=Pres|VerbForm=Fin",
      "Gender=Fem,Masc|Number=Sing|POS=PROPN",
      "Gender=Unsp|Number=Unsp|POS=PRON|PronType=Int",
      "Gender=Fem|Number=Plur|POS=NUM",
      "POS=PRON|PronType=Neg",
      "Gender=Fem|Number=Sing|POS=SCONJ|PronType=Dem",
      "POS=SYM",
      "Mood=Ind|Number=Plur|POS=VERB|Person=3|Tense=Pqp|VerbForm=Fin",
      "Gender=Fem|Number=Sing|POS=X",
      "Case=Dat|Gender=Unsp|Mood=Ind|Number=Plur|POS=VERB|Person=1|PronType=Prs|Tense=Pres|VerbForm=Fin",
      "Gender=Masc|NumType=Sets|Number=Sing|POS=NUM",
      "Foreign=Yes|POS=NOUN",
      "Case=Dat|Gender=Fem|Number=Sing|POS=VERB|Person=3|PronType=Prs|VerbForm=Ger",
      "Case=Acc|Gender=Unsp|POS=AUX|PronType=Prs|VerbForm=Inf",
      "Case=Acc|Gender=Masc|Mood=Ind|Number=Plur,Sing|POS=VERB|Person=3|PronType=Prs|Tense=Pres|VerbForm=Fin",
      "Gender=Unsp|Number=Sing|POS=DET|PronType=Ind",
      "Case=Nom|Gender=Unsp|Number=Sing|POS=PRON|Person=3|PronType=Prs",
      "Gender=Unsp|Number=Plur|POS=PRON|PronType=Int",
      "Definite=Def|Gender=Masc|Number=Plur|POS=SCONJ|PronType=Art",
      "Gender=Masc|Number=Plur|POS=PRON|PronType=Prs",
      "Number=Sing|POS=VERB|VerbForm=Part|Voice=Pass",
      "Case=Acc|Gender=Fem|Mood=Ind|Number=Plur|POS=VERB|Person=3|PronType=Prs|Tense=Imp|VerbForm=Fin",
      "Gender=Masc|Number=Plur|POS=ADP|PronType=Ind",
      "Gender=Fem|Number=Sing|POS=PRON|PronType=Prs",
      "Mood=Ind|Number=Plur|POS=AUX|Person=1|Tense=Past|VerbForm=Fin",
      "Case=Acc|Gender=Fem|Mood=Ind|Number=Sing|POS=VERB|Person=1,3|PronType=Prs|Tense=Pres|VerbForm=Fin",
      "Gender=Fem|Number=Sing|POS=PRON|Person=1|PronType=Prs",
      "Case=Nom|Gender=Fem|Number=Sing|POS=PRON|Person=1|PronType=Prs",
      "Case=Acc|Gender=Fem|Mood=Ind|Number=Sing|POS=VERB|Person=1|PronType=Prs|Tense=Past|VerbForm=Fin",
      "Mood=Sub|Number=Sing|POS=VERB|Person=1|Tense=Fut|VerbForm=Fin",
      "Definite=Ind|Gender=Fem|Number=Sing|POS=SCONJ|PronType=Art",
      "Number=Sing|POS=VERB",
      "Number=Sing|POS=DET",
      "Mood=Cnd|Number=Plur|POS=VERB|Person=3|VerbForm=Fin|Voice=Pass",
      "NumType=Mult|POS=NUM",
      "Gender=Fem|Number=Sing|POS=PRON|PronType=Neg",
      "POS=PRON|PronType=Dem",
      "Mood=Ind|POS=VERB|Tense=Imp|VerbForm=Fin",
      "Case=Acc|Gender=Masc|Mood=Ind|Number=Sing|POS=VERB|Person=2|PronType=Prs|Tense=Past|VerbForm=Fin",
      "Gender=Unsp|Number=Plur|POS=PRON|Person=2|PronType=Prs",
      "NumType=Card|Number=Plur|POS=NUM",
      "Case=Acc|Gender=Masc|Mood=Ind|Number=Sing|POS=AUX|Person=3|PronType=Prs|Tense=Past|VerbForm=Fin",
      "Case=Acc|Gender=Unsp|Number=Sing|POS=VERB|Person=3|PronType=Prs|VerbForm=Ger",
      "Gender=Fem|Number=Sing|POS=NUM",
      "Case=Acc|Gender=Unsp|Mood=Sub|Number=Plur|POS=VERB|Person=3|PronType=Prs|Tense=Pres|VerbForm=Fin",
      "Mood=Ind|Number=Sing|POS=VERB|Person=2|Tense=Fut|VerbForm=Fin",
      "Case=Acc|Gender=Masc|Mood=Ind|Number=Sing|POS=AUX|Person=3|PronType=Prs|Tense=Imp|VerbForm=Fin",
      "Number=Plur|POS=ADJ",
      "Case=Acc|Gender=Unsp|Mood=Ind|Number=Plur|POS=VERB|Person=1,3|PronType=Prs|Tense=Pres|VerbForm=Fin",
      "Gender=Fem|Number=Sing|POS=DET|PronType=Int",
      "Gender=Masc|Number=Sing|POS=ADV|Polarity=Neg",
      "Case=Acc|Gender=Masc|Mood=Ind|Number=Plur,Sing|POS=VERB|Person=3|PronType=Prs|Tense=Imp|VerbForm=Fin",
      "Case=Acc|Gender=Unsp|Mood=Ind|Number=Sing|POS=VERB|Person=1,3|PronType=Prs|Tense=Past|VerbForm=Fin",
      "Case=Acc|Gender=Unsp|Number=Sing|POS=VERB|Person=1|PronType=Prs|VerbForm=Inf",
      "Number=Sing|POS=VERB|Person=1|VerbForm=Inf",
      "Definite=Def|Gender=Masc|Number=Unsp|POS=ADP|PronType=Art",
      "Gender=Masc|Number=Unsp|POS=NOUN",
      "Gender=Masc|NumType=Ord|Number=Sing|POS=NOUN",
      "Definite=Def|Gender=Fem|Number=Plur|POS=SCONJ|PronType=Art",
      "POS=ADJ",
      "Gender=Fem|Number=Sing|POS=ADV|PronType=Ind",
      "Mood=Sub|Number=Sing|POS=VERB|Person=1|Tense=Pres|VerbForm=Fin",
      "Case=Acc|Gender=Masc|Number=Sing|POS=PRON|PronType=Prs",
      "Case=Dat|Gender=Unsp|Number=Plur|POS=PRON|Person=2|PronType=Prs",
      "Case=Acc|Gender=Unsp|Number=Plur|POS=VERB|Person=1|PronType=Prs|VerbForm=Inf",
      "Gender=Unsp|Number=Sing|POS=PRON|PronType=Tot",
      "Gender=Unsp|Number=Sing|POS=DET|PronType=Rel",
      "Gender=Fem|Number=Plur|POS=VERB",
      "Case=Dat|Gender=Fem|Mood=Ind|Number=Plur|POS=VERB|Person=3|PronType=Prs|Tense=Pres|VerbForm=Fin",
      "Case=Acc|Gender=Masc|Number=Sing|POS=AUX|Person=3|PronType=Prs|VerbForm=Inf",
      "Case=Acc|Gender=Masc|Number=Plur,Sing|POS=VERB|Person=3|PronType=Prs|VerbForm=Inf",
      "Case=Acc|Gender=Fem|Number=Sing|POS=VERB|PronType=Prs|VerbForm=Inf",
      "Gender=Unsp|Number=Sing|POS=DET|PronType=Tot",
      "Case=Acc|Gender=Masc|Number=Plur|POS=VERB|Person=3|PronType=Prs|VerbForm=Ger",
      "NumType=Range|POS=NUM",
      "Case=Dat|Gender=Unsp|Mood=Ind|Number=Plur|POS=VERB|Person=3|PronType=Prs|Tense=Pres|VerbForm=Fin",
      "Mood=Sub|POS=VERB|Tense=Pres|VerbForm=Fin",
      "Gender=Unsp|Number=Plur|POS=PRON|PronType=Rel",
      "Case=Dat|Gender=Masc|Mood=Cnd|Number=Sing|POS=VERB|Person=3|PronType=Prs|VerbForm=Fin",
      "Case=Acc|Gender=Fem|Mood=Cnd|Number=Sing|POS=VERB|Person=3|PronType=Prs|VerbForm=Fin",
      "Case=Dat|Gender=Fem|Number=Plur|POS=VERB|Person=3|PronType=Prs|VerbForm=Inf",
      "Case=Acc|Gender=Fem|Mood=Ind|Number=Sing|POS=AUX|Person=3|PronType=Prs|Tense=Pres|VerbForm=Fin",
      "Case=Acc|Gender=Unsp|Mood=Sub|Number=Sing|POS=AUX|Person=3|PronType=Prs|Tense=Pres|VerbForm=Fin",
      "Case=Acc|Gender=Masc|Mood=Ind|Number=Sing|POS=VERB|Person=3|PronType=Prs|Tense=Fut|VerbForm=Fin",
      "Number=Unsp|POS=PRON|PronType=Ind",
      "Case=Dat|Gender=Masc|Number=Sing|POS=VERB|Person=3|PronType=Prs|VerbForm=Ger",
      "Case=Acc|Gender=Masc|Number=Plur|POS=VERB|Person=1|PronType=Prs|VerbForm=Inf",
      "Case=Dat|Gender=Masc|Mood=Ind|Number=Plur,Sing|POS=VERB|Person=1,3|PronType=Prs|Tense=Pres|VerbForm=Fin",
      "Case=Acc|Gender=Fem|Mood=Ind|Number=Plur,Sing|POS=VERB|Person=1,3|PronType=Prs|Tense=Past|VerbForm=Fin",
      "Gender=Fem|Number=Plur|POS=PRON|PronType=Int",
      "Gender=Masc|POS=NOUN",
      "Case=Acc|Gender=Fem|Mood=Ind|Number=Plur,Sing|POS=VERB|Person=1,3|PronType=Prs|Tense=Imp|VerbForm=Fin",
      "Number=Sing|POS=VERB|Person=1|VerbForm=Inf|Voice=Pass",
      "Case=Acc|Gender=Fem|Mood=Ind|Number=Sing|POS=VERB|Person=3|PronType=Prs|Tense=Imp|VerbForm=Fin",
      "Gender=Masc|Number=Plur|POS=SCONJ|PronType=Dem",
      "NumType=Frac|POS=NUM",
      "Gender=Masc|Number=Sing|POS=PRON|Person=2|PronType=Prs",
      "Case=Dat|Gender=Fem|Mood=Ind|Number=Sing|POS=VERB|Person=1,3|PronType=Prs|Tense=Pres|VerbForm=Fin",
      "Gender=Fem|Number=Sing|POS=ADP|PronType=Ind",
      "Gender=Masc|Mood=Ind|Number=Sing|POS=VERB|Person=3|VerbForm=Fin",
      "Case=Acc|Gender=Masc|Mood=Ind|Number=Plur,Sing|POS=VERB|Person=3|PronType=Prs|Tense=Past|VerbForm=Fin",
      "Mood=Imp|Number=Sing|POS=VERB|Person=2|VerbForm=Fin",
      "Gender=Fem|Number=Sing|POS=ADV|PronType=Rel",
      "Case=Acc|POS=VERB|PronType=Prs|VerbForm=Ger",
      "Mood=Cnd|POS=VERB|VerbForm=Fin",
      "Case=Dat|Gender=Masc|Mood=Cnd|Number=Sing|POS=VERB|Person=1,3|PronType=Prs|VerbForm=Fin",
      "Mood=Ind|Number=Sing|POS=VERB|Person=3|Tense=Past|VerbForm=Fin|Voice=Pass",
      "Mood=Ind|Number=Plur|POS=VERB|Person=3|Tense=Past|VerbForm=Fin|Voice=Pass",
      "Case=Dat|Gender=Masc|Mood=Ind|Number=Plur|POS=VERB|Person=3|PronType=Prs|Tense=Imp|VerbForm=Fin",
      "Gender=Masc|Number=Sing|POS=PRON|PronType=Prs",
      "Gender=Masc|Number=Sing|POS=ADP|PronType=Ind",
      "Case=Acc|Gender=Fem|Number=Plur|POS=VERB|Person=3|PronType=Prs|VerbForm=Inf|Voice=Pass",
      "POS=VERB|VerbForm=Part|Voice=Pass",
      "Case=Dat|Gender=Unsp|Mood=Cnd|Number=Sing|POS=VERB|Person=1,3|PronType=Prs|VerbForm=Fin",
      "Mood=Ind|Number=Sing|POS=VERB|Person=3|Tense=Pres|VerbForm=Fin|Voice=Pass",
      "Number=Sing|POS=X",
      "Mood=Cnd|Number=Plur|POS=VERB|Person=1|VerbForm=Fin",
      "Case=Acc|Gender=Unsp|Number=Sing|POS=VERB|Person=3|PronType=Prs|VerbForm=Inf",
      "Case=Dat|Gender=Unsp|Number=Plur|POS=PRON|Person=3|PronType=Prs",
      "Case=Acc|Gender=Fem|Mood=Ind|Number=Plur|POS=VERB|Person=3|PronType=Prs|Tense=Pres|VerbForm=Fin|Voice=Pass",
      "Gender=Masc|Number=Sing|POS=ADV|PronType=Int",
      "Case=Dat|Gender=Unsp|Mood=Ind|Number=Sing|POS=AUX|Person=1,3|PronType=Prs|Tense=Past|VerbForm=Fin",
      "POS=VERB",
      "Case=Acc|Gender=Masc|Mood=Ind|Number=Sing|POS=VERB|Person=3|PronType=Prs|Tense=Past|VerbForm=Fin|Voice=Pass",
      "Case=Acc|Gender=Unsp|Number=Plur|POS=VERB|Person=3|PronType=Prs|VerbForm=Inf",
      "Mood=Ind|Number=Plur|POS=VERB|Person=3|Tense=Imp|VerbForm=Fin|Voice=Pass",
      "Case=Dat|Gender=Fem|Number=Plur|POS=PRON|Person=3|PronType=Prs",
      "Case=Acc,Dat|Gender=Fem,Unsp|Number=Sing|POS=PRON|Person=3|PronType=Prs",
      "Gender=Unsp|Number=Unsp|POS=ADV|PronType=Int",
      "Gender=Unsp|Number=Sing|POS=ADV|PronType=Ind",
      "Mood=Ind|Number=Sing|POS=AUX|Person=1|Tense=Pqp|VerbForm=Fin",
      "POS=PROPN",
      "Case=Acc|Gender=Masc|POS=AUX|PronType=Prs|VerbForm=Ger",
      "Case=Acc|Gender=Fem|POS=AUX|PronType=Prs|VerbForm=Ger",
      "Case=Acc|Gender=Fem|Mood=Sub|Number=Plur|POS=VERB|Person=3|PronType=Prs|Tense=Pres|VerbForm=Fin|Voice=Pass",
      "Case=Dat|Gender=Unsp|Number=Plur|POS=VERB|Person=1|PronType=Prs|VerbForm=Inf",
      "Case=Acc|Gender=Masc|Mood=Sub|Number=Plur|POS=VERB|Person=3|PronType=Prs|Tense=Pres|VerbForm=Fin|Voice=Pass",
      "Case=Acc|Gender=Masc|Number=Sing|POS=AUX|Person=3|PronType=Prs|VerbForm=Ger",
      "Mood=Ind|Number=Plur|POS=AUX|Person=1|Tense=Fut|VerbForm=Fin",
      "Case=Acc|Gender=Unsp|Mood=Ind|Number=Plur,Sing|POS=VERB|Person=1,3|PronType=Prs|Tense=Imp|VerbForm=Fin",
      "Gender=Fem|Number=Plur|POS=PRON|PronType=Prs",
      "Gender=Fem|Number=Plur|POS=X",
      "Definite=Def|Gender=Masc|Number=Plur|POS=PRON|PronType=Rel",
      "Definite=Ind|Gender=Fem|POS=DET|PronType=Art",
      "Gender=Unsp|Number=Sing|POS=ADV",
      "Case=Acc|Gender=Fem|Mood=Ind|Number=Sing|POS=VERB|Person=3|PronType=Prs|Tense=Pres|VerbForm=Fin|Voice=Pass",
      "Mood=Ind|Number=Sing|POS=VERB|Tense=Pqp|VerbForm=Fin",
      "Case=Dat|Gender=Masc|Mood=Ind|Number=Plur|POS=VERB|Person=3|PronType=Prs|Tense=Pres|VerbForm=Fin",
      "Mood=Sub|Number=Sing|POS=VERB|Tense=Pres|VerbForm=Fin",
      "Case=Dat|Gender=Unsp|POS=PRON|PronType=Prs",
      "Gender=Masc|Number=Sing|POS=VERB",
      "Case=Acc|Gender=Unsp|Mood=Ind|Number=Sing|POS=VERB|Person=3|PronType=Prs|Tense=Pres|VerbForm=Fin|Voice=Pass",
      "Definite=Def|Number=Sing|POS=DET|PronType=Art",
      "Gender=Fem|Number=Sing|POS=PROPN|PronType=Art",
      "Gender=Masc|Number=Plur|POS=VERB",
      "Gender=Masc|Number=Plur|POS=PRON|Person=1|PronType=Prs",
      "Case=Acc|Gender=Masc|Mood=Ind|Number=Sing|POS=VERB|Person=3|PronType=Prs|Tense=Pqp|VerbForm=Fin",
      "Gender=Masc|Number=Sing|POS=ADV|PronType=Ind",
      "Mood=Sub|Number=Sing|POS=AUX|Tense=Imp|VerbForm=Fin",
      "Gender=Fem|Number=Sing|POS=DET",
      "Mood=Imp|Number=Sing|POS=AUX|Person=2|VerbForm=Fin",
      "Mood=Sub|Number=Sing|POS=AUX|Person=1|Tense=Imp|VerbForm=Fin",
      "Definite=Def|Gender=Masc|Number=Sing|POS=PRON|PronType=Rel",
      "Mood=Cnd|Number=Sing|POS=VERB|Person=3|VerbForm=Fin|Voice=Pass",
      "POS=DET|PronType=Ind",
      "POS=SCONJ|VerbForm=Ger",
      "Mood=Cnd|Number=Sing|POS=VERB|VerbForm=Fin",
      "Gender=Masc|Number=Plur|POS=DET",
      "Definite=Def|Gender=Fem|Number=Sing|POS=PRON|PronType=Dem",
      "Gender=Fem|Number=Sing|POS=VERB",
      "Mood=Sub|Number=Sing|POS=VERB|Tense=Fut|VerbForm=Fin",
      "Case=Acc|Gender=Fem|POS=PRON|PronType=Prs",
      "Mood=Sub|Number=Sing|POS=VERB|Person=3|Tense=Past|VerbForm=Fin",
      "Gender=Masc|POS=PROPN",
      "Gender=Fem|Number=Plur|POS=DET",
      "NumType=Ord|POS=NUM",
      "POS=DET|PronType=Int",
      "Case=Acc|Gender=Unsp|Number=Sing|POS=PRON|Person=3|PronType=Prs|VerbForm=Ger",
      "Case=Dat|Gender=Fem|Number=Sing|POS=PRON|Person=1|PronType=Prs",
      "Mood=Ind|Number=Plur|POS=VERB|Person=2|Tense=Pres|VerbForm=Fin",
      "Case=Nom|Gender=Unsp|Number=Plur|POS=PRON|Person=2|PronType=Prs",
      "Case=Acc|Gender=Fem|Mood=Ind|Number=Plur|POS=VERB|Person=3|PronType=Prs|VerbForm=Fin",
      "POS=PART",
      "Mood=Ind|Number=Sing|POS=AUX|Person=1|Tense=Fut|VerbForm=Fin",
      "Mood=Cnd|Number=Sing|POS=AUX|Person=1|VerbForm=Fin",
      "Case=Acc|Gender=Masc|Number=Plur,Sing|POS=VERB|Person=1,3|PronType=Prs|VerbForm=Inf",
      "NumType=Card|POS=ADP",
      "Gender=Fem|Number=Sing|POS=PRON|PronType=Tot",
      "Gender=Masc|Number=Sing|POS=ADP|PronType=Rel",
      "Mood=Ind|Number=Sing|POS=VERB|Person=1|Tense=Pqp|VerbForm=Fin",
      "Case=Acc|Gender=Unsp|Mood=Ind|Number=Plur|POS=VERB|Person=3|PronType=Prs|Tense=Imp|VerbForm=Fin",
      "Case=Acc|Gender=Unsp|Number=Plur|POS=PRON|Person=3|PronType=Prs",
      "Case=Nom|Gender=Masc|Number=Sing|POS=SCONJ|Person=3|PronType=Prs",
      "Case=Dat|Gender=Fem|Mood=Ind|Number=Sing|POS=VERB|Person=3|PronType=Prs|Tense=Imp|VerbForm=Fin",
      "Definite=Def|Gender=Fem|Number=Plur|POS=PRON|PronType=Art",
      "Case=Dat|Gender=Unsp|Number=Sing|POS=VERB|Person=3|PronType=Prs|VerbForm=Ger",
      "Mood=Sub|Number=Plur|POS=AUX|Person=1|Tense=Pres|VerbForm=Fin"
    ],
    "parser":[
      "ROOT",
      "acl",
      "acl:relcl",
      "advcl",
      "advmod",
      "amod",
      "appos",
      "aux",
      "aux:pass",
      "case",
      "cc",
      "ccomp",
      "compound",
      "conj",
      "cop",
      "csubj",
      "dep",
      "det",
      "discourse",
      "expl",
      "fixed",
      "flat",
      "flat:foreign",
      "flat:name",
      "iobj",
      "mark",
      "nmod",
      "nsubj",
      "nsubj:pass",
      "nummod",
      "obj",
      "obl",
      "obl:agent",
      "parataxis",
      "punct",
      "xcomp"
    ],
    "senter":[
      "I",
      "S"
    ],
    "ner":[
      "LOC",
      "MISC",
      "ORG",
      "PER"
    ],
    "attribute_ruler":[

    ],
    "lemmatizer":[

    ]
  },
  "pipeline":[
    "tok2vec",
    "morphologizer",
    "parser",
    "ner",
    "attribute_ruler",
    "lemmatizer"
  ],
  "components":[
    "tok2vec",
    "morphologizer",
    "parser",
    "senter",
    "ner",
    "attribute_ruler",
    "lemmatizer"
  ],
  "disabled":[
    "senter"
  ],
  "performance":{
    "token_acc":1.0,
    "tag_acc":0.8917285785,
    "pos_acc":0.9661218425,
    "morph_acc":0.950324402,
    "lemma_acc":0.767988907,
    "dep_uas":0.8879161387,
    "dep_las":0.8455911997,
    "sents_p":0.9024925595,
    "sents_r":0.9450699287,
    "sents_f":0.923290643,
    "speed":13051.8953736893,
    "morph_per_feat":{
      "Mood":{
        "p":0.9697702539,
        "r":0.9697702539,
        "f":0.9697702539
      },
      "Number":{
        "p":0.9926343833,
        "r":0.9866043614,
        "f":0.9896101867
      },
      "Person":{
        "p":0.96485623,
        "r":0.9669156884,
        "f":0.9658848614
      },
      "Tense":{
        "p":0.921319797,
        "r":0.9552631579,
        "f":0.9379844961
      },
      "VerbForm":{
        "p":0.9614779874,
        "r":0.9690966719,
        "f":0.9652722968
      },
      "Gender":{
        "p":0.9594698425,
        "r":0.9507042254,
        "f":0.9550669216
      },
      "PronType":{
        "p":0.9916579771,
        "r":0.9834539814,
        "f":0.9875389408
      },
      "Definite":{
        "p":0.997273347,
        "r":0.9925373134,
        "f":0.994899694
      },
      "NumType":{
        "p":0.9768211921,
        "r":0.9640522876,
        "f":0.9703947368
      },
      "Voice":{
        "p":0.8735632184,
        "r":0.8941176471,
        "f":0.8837209302
      },
      "Polarity":{
        "p":0.9863013699,
        "r":1.0,
        "f":0.9931034483
      },
      "Case":{
        "p":0.9029126214,
        "r":0.9489795918,
        "f":0.9253731343
      }
    },
    "dep_las_per_type":{
      "cop":{
        "p":0.8343949045,
        "r":0.9357142857,
        "f":0.8821548822
      },
      "root":{
        "p":0.8954954955,
        "r":0.8875,
        "f":0.8914798206
      },
      "det":{
        "p":0.9592511013,
        "r":0.9592511013,
        "f":0.9592511013
      },
      "amod":{
        "p":0.9108910891,
        "r":0.8975609756,
        "f":0.9041769042
      },
      "nsubj":{
        "p":0.8640429338,
        "r":0.8414634146,
        "f":0.852603707
      },
      "case":{
        "p":0.9738353542,
        "r":0.9763275752,
        "f":0.9750798722
      },
      "nmod":{
        "p":0.806768559,
        "r":0.8220244716,
        "f":0.8143250689
      },
      "flat:name":{
        "p":0.8896797153,
        "r":0.8992805755,
        "f":0.8944543828
      },
      "acl":{
        "p":0.6601941748,
        "r":0.5913043478,
        "f":0.623853211
      },
      "advmod":{
        "p":0.8051575931,
        "r":0.8051575931,
        "f":0.8051575931
      },
      "obl":{
        "p":0.662,
        "r":0.6824742268,
        "f":0.6720812183
      },
      "conj":{
        "p":0.5845588235,
        "r":0.6045627376,
        "f":0.5943925234
      },
      "cc":{
        "p":0.8510638298,
        "r":0.8658008658,
        "f":0.8583690987
      },
      "compound":{
        "p":1.0,
        "r":0.4285714286,
        "f":0.6
      },
      "obj":{
        "p":0.8307086614,
        "r":0.8068833652,
        "f":0.8186226964
      },
      "obl:agent":{
        "p":0.7741935484,
        "r":0.8,
        "f":0.7868852459
      },
      "acl:relcl":{
        "p":0.6476190476,
        "r":0.6296296296,
        "f":0.6384976526
      },
      "mark":{
        "p":0.8663366337,
        "r":0.8177570093,
        "f":0.8413461538
      },
      "advcl":{
        "p":0.5035971223,
        "r":0.6306306306,
        "f":0.56
      },
      "xcomp":{
        "p":0.78125,
        "r":0.7874015748,
        "f":0.7843137255
      },
      "iobj":{
        "p":0.5,
        "r":0.1818181818,
        "f":0.2666666667
      },
      "appos":{
        "p":0.5681818182,
        "r":0.5988023952,
        "f":0.583090379
      },
      "fixed":{
        "p":0.8103448276,
        "r":0.7833333333,
        "f":0.7966101695
      },
      "nummod":{
        "p":0.9801324503,
        "r":0.9487179487,
        "f":0.9641693811
      },
      "aux":{
        "p":0.95,
        "r":0.890625,
        "f":0.9193548387
      },
      "csubj":{
        "p":0.6,
        "r":0.375,
        "f":0.4615384615
      },
      "ccomp":{
        "p":0.6734693878,
        "r":0.6346153846,
        "f":0.6534653465
      },
      "orphan":{
        "p":0.0,
        "r":0.0,
        "f":0.0
      },
      "flat":{
        "p":1.0,
        "r":1.0,
        "f":1.0
      },
      "aux:pass":{
        "p":0.9848484848,
        "r":0.9701492537,
        "f":0.977443609
      },
      "nsubj:pass":{
        "p":0.8571428571,
        "r":0.9056603774,
        "f":0.880733945
      },
      "parataxis":{
        "p":0.4897959184,
        "r":0.3037974684,
        "f":0.375
      },
      "expl":{
        "p":0.8260869565,
        "r":0.95,
        "f":0.8837209302
      },
      "dep":{
        "p":0.0,
        "r":0.0,
        "f":0.0
      },
      "vocative":{
        "p":0.0,
        "r":0.0,
        "f":0.0
      },
      "discourse":{
        "p":0.0,
        "r":0.0,
        "f":0.0
      },
      "flat:foreign":{
        "p":1.0,
        "r":0.25,
        "f":0.4
      }
    },
    "ents_p":0.8823007103,
    "ents_r":0.8799913408,
    "ents_f":0.8811445124,
    "ents_per_type":{
      "LOC":{
        "p":0.9019357069,
        "r":0.9174753868,
        "f":0.9096391842
      },
      "PER":{
        "p":0.8834437086,
        "r":0.9005907173,
        "f":0.8919348099
      },
      "ORG":{
        "p":0.8389451377,
        "r":0.7958454322,
        "f":0.8168271435
      },
      "MISC":{
        "p":0.8089618292,
        "r":0.7256037049,
        "f":0.7650187462
      }
    }
  },
  "sources":[
    {
      "name":"UD Portuguese Bosque v2.5",
      "url":"https://github.com/UniversalDependencies/UD_Portuguese-Bosque",
      "license":"CC BY-SA 4.0",
      "author":"Rademaker, Alexandre; Freitas, Cl\u00e1udia; de Souza, Elvis; Silveira, Aline; Cavalcanti, Tatiana; Evelyn, Wograine; Rocha, Luisa; Soares-Bastos, Isabela; Bick, Eckhard; Chalub, Fabricio; Paulino-Passos, Guilherme; Real, Livy; de Paiva, Valeria; Zeman, Daniel; Popel, Martin; Mare\u010dek, David; Silveira, Natalia; Martins, Andr\u00e9"
    },
    {
      "name":"WikiNER",
      "url":"https://figshare.com/articles/Learning_multilingual_named_entity_recognition_from_Wikipedia/5462500",
      "license":"CC BY 4.0"
    }
  ],
  "requirements":[

  ]
}