{
  "token_acc": 1.0,
  "tag_acc": 0.8917285785,
  "pos_acc": 0.9661218425,
  "morph_acc": 0.950324402,
  "lemma_acc": 0.767988907,
  "dep_uas": 0.8879161387,
  "dep_las": 0.8455911997,
  "sents_p": 0.9024925595,
  "sents_r": 0.9450699287,
  "sents_f": 0.923290643,
  "speed": 13051.8953736893,
  "morph_per_feat": {
    "Mood": {
      "p": 0.9697702539,
      "r": 0.9697702539,
      "f": 0.9697702539
    },
    "Number": {
      "p": 0.9926343833,
      "r": 0.9866043614,
      "f": 0.9896101867
    },
    "Person": {
      "p": 0.96485623,
      "r": 0.9669156884,
      "f": 0.9658848614
    },
    "Tense": {
      "p": 0.921319797,
      "r": 0.9552631579,
      "f": 0.9379844961
    },
    "VerbForm": {
      "p": 0.9614779874,
      "r": 0.9690966719,
      "f": 0.9652722968
    },
    "Gender": {
      "p": 0.9594698425,
      "r": 0.9507042254,
      "f": 0.9550669216
    },
    "PronType": {
      "p": 0.9916579771,
      "r": 0.9834539814,
      "f": 0.9875389408
    },
    "Definite": {
      "p": 0.997273347,
      "r": 0.9925373134,
      "f": 0.994899694
    },
    "NumType": {
      "p": 0.9768211921,
      "r": 0.9640522876,
      "f": 0.9703947368
    },
    "Voice": {
      "p": 0.8735632184,
      "r": 0.8941176471,
      "f": 0.8837209302
    },
    "Polarity": {
      "p": 0.9863013699,
      "r": 1.0,
      "f": 0.9931034483
    },
    "Case": {
      "p": 0.9029126214,
      "r": 0.9489795918,
      "f": 0.9253731343
    }
  },
  "dep_las_per_type": {
    "cop": {
      "p": 0.8343949045,
      "r": 0.9357142857,
      "f": 0.8821548822
    },
    "root": {
      "p": 0.8954954955,
      "r": 0.8875,
      "f": 0.8914798206
    },
    "det": {
      "p": 0.9592511013,
      "r": 0.9592511013,
      "f": 0.9592511013
    },
    "amod": {
      "p": 0.9108910891,
      "r": 0.8975609756,
      "f": 0.9041769042
    },
    "nsubj": {
      "p": 0.8640429338,
      "r": 0.8414634146,
      "f": 0.852603707
    },
    "case": {
      "p": 0.9738353542,
      "r": 0.9763275752,
      "f": 0.9750798722
    },
    "nmod": {
      "p": 0.806768559,
      "r": 0.8220244716,
      "f": 0.8143250689
    },
    "flat:name": {
      "p": 0.8896797153,
      "r": 0.8992805755,
      "f": 0.8944543828
    },
    "acl": {
      "p": 0.6601941748,
      "r": 0.5913043478,
      "f": 0.623853211
    },
    "advmod": {
      "p": 0.8051575931,
      "r": 0.8051575931,
      "f": 0.8051575931
    },
    "obl": {
      "p": 0.662,
      "r": 0.6824742268,
      "f": 0.6720812183
    },
    "conj": {
      "p": 0.5845588235,
      "r": 0.6045627376,
      "f": 0.5943925234
    },
    "cc": {
      "p": 0.8510638298,
      "r": 0.8658008658,
      "f": 0.8583690987
    },
    "compound": {
      "p": 1.0,
      "r": 0.4285714286,
      "f": 0.6
    },
    "obj": {
      "p": 0.8307086614,
      "r": 0.8068833652,
      "f": 0.8186226964
    },
    "obl:agent": {
      "p": 0.7741935484,
      "r": 0.8,
      "f": 0.7868852459
    },
    "acl:relcl": {
      "p": 0.6476190476,
      "r": 0.6296296296,
      "f": 0.6384976526
    },
    "mark": {
      "p": 0.8663366337,
      "r": 0.8177570093,
      "f": 0.8413461538
    },
    "advcl": {
      "p": 0.5035971223,
      "r": 0.6306306306,
      "f": 0.56
    },
    "xcomp": {
      "p": 0.78125,
      "r": 0.7874015748,
      "f": 0.7843137255
    },
    "iobj": {
      "p": 0.5,
      "r": 0.1818181818,
      "f": 0.2666666667
    },
    "appos": {
      "p": 0.5681818182,
      "r": 0.5988023952,
      "f": 0.583090379
    },
    "fixed": {
      "p": 0.8103448276,
      "r": 0.7833333333,
      "f": 0.7966101695
    },
    "nummod": {
      "p": 0.9801324503,
      "r": 0.9487179487,
      "f": 0.9641693811
    },
    "aux": {
      "p": 0.95,
      "r": 0.890625,
      "f": 0.9193548387
    },
    "csubj": {
      "p": 0.6,
      "r": 0.375,
      "f": 0.4615384615
    },
    "ccomp": {
      "p": 0.6734693878,
      "r": 0.6346153846,
      "f": 0.6534653465
    },
    "orphan": {
      "p": 0.0,
      "r": 0.0,
      "f": 0.0
    },
    "flat": {
      "p": 1.0,
      "r": 1.0,
      "f": 1.0
    },
    "aux:pass": {
      "p": 0.9848484848,
      "r": 0.9701492537,
      "f": 0.977443609
    },
    "nsubj:pass": {
      "p": 0.8571428571,
      "r": 0.9056603774,
      "f": 0.880733945
    },
    "parataxis": {
      "p": 0.4897959184,
      "r": 0.3037974684,
      "f": 0.375
    },
    "expl": {
      "p": 0.8260869565,
      "r": 0.95,
      "f": 0.8837209302
    },
    "dep": {
      "p": 0.0,
      "r": 0.0,
      "f": 0.0
    },
    "vocative": {
      "p": 0.0,
      "r": 0.0,
      "f": 0.0
    },
    "discourse": {
      "p": 0.0,
      "r": 0.0,
      "f": 0.0
    },
    "flat:foreign": {
      "p": 1.0,
      "r": 0.25,
      "f": 0.4
    }
  },
  "ents_p": 0.8823007103,
  "ents_r": 0.8799913408,
  "ents_f": 0.8811445124,
  "ents_per_type": {
    "LOC": {
      "p": 0.9019357069,
      "r": 0.9174753868,
      "f": 0.9096391842
    },
    "PER": {
      "p": 0.8834437086,
      "r": 0.9005907173,
      "f": 0.8919348099
    },
    "ORG": {
      "p": 0.8389451377,
      "r": 0.7958454322,
      "f": 0.8168271435
    },
    "MISC": {
      "p": 0.8089618292,
      "r": 0.7256037049,
      "f": 0.7650187462
    }
  }
}